{
  "resourceType" : "CodeSystem",
  "id" : "type-carte-code-system",
  "text" : {
    "status" : "generated",
    "div" : "<div xmlns=\"http://www.w3.org/1999/xhtml\"><p class=\"res-header-id\"><b>Narratif généré : CodeSystem type-carte-code-system</b></p><a name=\"type-carte-code-system\"> </a><a name=\"hctype-carte-code-system\"> </a><p>This  code system <code>https://interop.esante.gouv.fr/ig/fhir/[code]/CodeSystem/type-carte-code-system</code> defines the following codes:</p><table class=\"codes\"><tr><td style=\"white-space:nowrap\"><b>Code</b></td><td><b>Display</b></td><td><b>Définition</b></td></tr><tr><td style=\"white-space:nowrap\">CPA<a name=\"type-carte-code-system-CPA\"> </a></td><td>Carte de Personnel Autorisé</td><td>La carte d'un personnel autorisé (CDA/CPA)</td></tr><tr><td style=\"white-space:nowrap\">CPE<a name=\"type-carte-code-system-CPE\"> </a></td><td>Carte de Personnel d'Etablissement</td><td>La Carte de Personnel d'Etablissement de santé (CDE/CPE).</td></tr><tr><td style=\"white-space:nowrap\">CPF<a name=\"type-carte-code-system-CPF\"> </a></td><td>Carte de Professionnel de Santé en Formation</td><td>La Carte de Professionnel de Santé en Formation (CPF).</td></tr><tr><td style=\"white-space:nowrap\">CPS<a name=\"type-carte-code-system-CPS\"> </a></td><td>Carte de Professionnel de Santé</td><td>La Carte de Professionnel de Santé (CPS).</td></tr></table></div>"
  },
  "url" : "https://interop.esante.gouv.fr/ig/fhir/[code]/CodeSystem/type-carte-code-system",
  "version" : "0.1.0",
  "name" : "TypeCarteCS",
  "title" : "Type de carte",
  "status" : "draft",
  "date" : "2025-08-21T09:52:50+00:00",
  "publisher" : "Agence du Numérique en Santé (ANS) - 2-10 Rue d'Oradour-sur-Glane, 75015 Paris",
  "contact" : [{
    "name" : "Agence du Numérique en Santé (ANS) - 2-10 Rue d'Oradour-sur-Glane, 75015 Paris",
    "telecom" : [{
      "system" : "url",
      "value" : "https://esante.gouv.fr"
    }]
  }],
  "description" : "Type de carte professionnelle et personnelle.",
  "jurisdiction" : [{
    "coding" : [{
      "system" : "urn:iso:std:iso:3166",
      "code" : "FR",
      "display" : "FRANCE"
    }]
  }],
  "content" : "complete",
  "count" : 4,
  "concept" : [{
    "code" : "CPA",
    "display" : "Carte de Personnel Autorisé",
    "definition" : "La carte d'un personnel autorisé (CDA/CPA)"
  },
  {
    "code" : "CPE",
    "display" : "Carte de Personnel d'Etablissement",
    "definition" : "La Carte de Personnel d'Etablissement de santé (CDE/CPE)."
  },
  {
    "code" : "CPF",
    "display" : "Carte de Professionnel de Santé en Formation",
    "definition" : "La Carte de Professionnel de Santé en Formation (CPF)."
  },
  {
    "code" : "CPS",
    "display" : "Carte de Professionnel de Santé",
    "definition" : "La Carte de Professionnel de Santé (CPS)."
  }]
}